business,vouchers,value
Daily Market City & Gungahlin,1918,67700.0
Hualong Supermarket,1584,61300.0
Chemist Warehouse Belconnen Markets- Ibbott lane,1366,57190.0
Deji Asian Supermarket,1286,44850.0
Oriental Groceries,953,37710.0
Panda fresh mart,927,23320.0
Mega Convenience Store,890,29600.0
Mani asian supermarket,883,29990.0
Wukong Hotpot & Super Emoji,878,29810.0
BESTORE,877,35900.0
"SAIGON ASIAN FOOD, RETAIL & WHOLESALE",764,30510.0
Fresco Seafood,723,23510.0
Sycamore Medi Spa,662,28840.0
EBEST CANBERRA,621,23720.0
Asian Supa,592,20390.0
EasiMart Kingston,548,13600.0
Z COSME STORE,543,21010.0
YumchaCBD,531,19100.0
Vina Groceries,524,18050.0
Ginger and Spice,499,17030.0
CHILADA/ VR Canberra,489,19630.0
Emart,460,15500.0
Desi Bazzar,447,19070.0
TAK KEE ROAST INN,418,9300.0
The Food Forum,414,10560.0
Oscar's Bakery Cafe,408,17980.0
Yesmart,396,13830.0
Gungahlin & Jamison Plaza Travel Associates,385,19160.0
Raku Dining,371,18230.0
LOST RIVER MEAT,371,12920.0
Gungahlin Lakes Golf Pro Shop,350,16760.0
Pandora Belconnen and Pandora Canberra Centre,345,15470.0
MK Butcher,344,11110.0
Weston asian grocery,339,11590.0
Nikki Cosmo,324,13330.0
Toyworld Fyshwick & Toyworld Belconnen,302,12140.0
Super Emoji Citywalk,302,7800.0
Dymocks Canberra,286,10160.0
coolbuy,283,10150.0
Jimmyâ€™s place,278,10610.0
hing shing butchery/å…´ç››è‚‰åº—,273,8200.0
606 Asian Supermarket,272,8770.0
ACT FRUIT VEG AND BUTCHER,270,9760.0
National Zoo & Aquarium,261,12240.0
Golden Drum,257,9980.0
Deakin IGA Supermarket,253,8720.0
Ai Buy Market,245,5720.0
UC Supermarket,243,7600.0
Dendy Cinemas Canberra,236,6560.0
Rashays Casual Dining Belconnen,231,6430.0
The Scholar Chinese Seafood Restaurant,230,7650.0
Bellchambers Music School,225,11100.0
Little Sprout,225,9780.0
Chinese Inn Restaurant,223,7000.0
rusden europro automotive,222,10260.0
Dymocks Belconnen,220,6930.0
Tasty Fish,214,5310.0
Mont Adventure Equipment,213,9620.0
GUZMAN Y GOMEZ Canberra Centre/ Belconnen/ Gungahl,212,3310.0
Here Collective,211,10130.0
Impact Comics,208,7520.0
Capital Chemist Dickson,205,5630.0
Continental grocery and halal meat,199,7600.0
Bidgee Golf Shop,198,8900.0
Super Emoji Gungahlin,194,5040.0
TG-ONE Groceries,187,6410.0
Ziggys Fresh Belconnen,185,4120.0
PappaRich Canberra,184,4170.0
Asian Provisions,183,5250.0
IGA Drakeford Supermarket,181,5530.0
Fortune Box,180,5650.0
Tackle World Canberra,179,8590.0
bread and butter cafe,176,4070.0
POP Canberra,175,5620.0
Kippax Asian Grocer,175,4880.0
Across The Board Cake Decorating Pty Ltd,174,7450.0
Pandora Tuggeranong,171,7530.0
O2 Hair,169,6280.0
Chic Gourmet,168,6460.0
Tasting China,168,5870.0
Smart Dollar Tuggeranong,166,3230.0
Star Buffet,161,4820.0
Let's Be Natural,160,5780.0
Pharmacy Select Gungahlin,159,4700.0
Latorta,153,5520.0
Landspeed Records,152,6190.0
Canberra City Gymnastics Club,149,7270.0
Daily market,148,4080.0
Discount grocery store,146,6770.0
Sichuan Chinese Restaurant,145,4730.0
Pedal Power ACT,144,7140.0
artKids Canberra,140,6810.0
Crafty Frog,139,5630.0
Bellelis Australia Pty Ltd,139,5600.0
Limelight Cinemas,135,4680.0
Capital Chemist Lyneham,135,4080.0
Rashays Tuggeranong,133,2920.0
AKIKAMBARA,132,6050.0
Belconnen Chicken,130,2460.0
HEY SHOW KARAOKE,126,4650.0
Rashays Woden,126,3530.0
Ziggys Fresh Fyshwick,125,3090.0
SOULution Yoga,125,5890.0
Mr warehouse,124,6160.0
Sushi Musa Belconnen,123,3270.0
Murrumbidgee Country Club,122,6010.0
Trilogy Skateboards,122,5620.0
Lanzhou Beef Noodle,122,3910.0
CBD DUMPLING HOUSE,120,3720.0
XIAN FAMOUS FOOD DICKSON,120,2030.0
The Source Bulk Foods Belconnen,118,2900.0
Number 1 Spicy Noodle,117,2010.0
Can Tho Vietnamese and Chinese Restaurant,116,2300.0
Frugii Dessert Laboratory,116,1660.0
Hanok Korean BBQ Dickson,115,4790.0
Baby Su,115,1840.0
yat bun tong dumpling house belconnen,114,3670.0
Merlin Mosaica,113,5440.0
Hongtao Gao,113,3950.0
The Knox Made in Watson,113,2300.0
NEZUKO PTY LTD,109,3900.0
Gametraders Hyperdome ACT,109,3850.0
Rodney's Plants Plus,107,4550.0
Chongqing street noodle,107,1660.0
The Markets Wanniassa,106,3970.0
Malatang Zhangliang,106,1690.0
Story Room Canberra,105,3950.0
Happys Chinese restaurant,105,3750.0
ORITEA,105,2660.0
Capital Chemist Crace,104,3520.0
Wild Panda,103,1900.0
Chinese Kitchen Dumpling House,102,2630.0
Mel Hill Photography,100,4770.0
little sandpiper,99,3840.0
Lion City,99,2430.0
Super Emoji Belconnen,99,1920.0
Soul Cartel,98,4360.0
Fresh Seafood Canberra,97,3610.0
The tongdak,97,2380.0
Dickson Dumpling House,95,2900.0
Xiâ€™An Famous Noodles,95,2090.0
Lokma Turkish Cuisine Pty Ltd,95,1990.0
Jindii EcoSpa,93,4550.0
Mudd The Spa,93,4370.0
ProfessioNAIL Belconnen,93,2530.0
Nicholls IGA Supermarket,92,2740.0
Green Bean on Moore,91,2060.0
The Italian Place Enoteca,90,3180.0
Riddle Room,90,2940.0
Brodburger,90,1660.0
Dumpling Social,89,2850.0
"Hero Sushi Canberra Train, Hero Sushi Constitution Place",87,1610.0
BEAUTY CENTRAL,86,3360.0
CHON CO THAI BELCONNEN,86,2840.0
Iron chef Chinese and Malaysian Restaurant,86,2810.0
Azure Dragon/Urban By Asian Tiger (ANU),86,1540.0
San Churro Woden,86,1270.0
CO.BAR AUS,85,2750.0
Korner Tapri,85,2240.0
milk flower belconnen,85,1640.0
Ka sushi ramen,85,1360.0
BLU GINGER INDIAN RESTAURANT,84,3110.0
Gongcha gungahlin pty ltd,84,990.0
Canberra Martial Arts & Fitness,83,3700.0
Intersport Fyshwick,83,3190.0
Mings Restaurant Chinese and Malaysian,83,2570.0
SHOOK,83,1580.0
Elite Meats,82,3390.0
Terra,82,1730.0
Drummond Golf Fyshwick,81,3750.0
Ogawa Japanese cuisine,81,2440.0
My mom's yangpyeong haejanggook,81,2410.0
Super Bao,81,2400.0
Jasmine House Family Restaurant,79,2590.0
SONGLAND RECORDS,78,3470.0
panda crepes pty ltd,78,1160.0
Truefitt & Hill,77,3640.0
Canberra Music Tuition,77,3540.0
Yowani Golf Shop,77,3500.0
Mirchi,77,2820.0
Gungahlin Massage Centre,77,2590.0
Turkish Kebab and Pizza Belconnen,77,1740.0
Indepth Scuba,76,3770.0
Straight Line Sports,76,3400.0
the allergy centre,76,2750.0
HANGARI KIMCHI,76,2330.0
Gongcha Braddon,76,2300.0
Mayfair Espresso cafe,76,2120.0
Adore Tea,76,1870.0
BiangBiang noodles CBD,76,1420.0
Wokitup gungahlin,76,1340.0
Sharetea Dickson,76,880.0
Canberra Day Spa,75,3570.0
Mels Massage,75,3460.0
Jade Spa Massage,75,3310.0
Top Goods,75,2900.0
Men's Biz,75,2510.0
AULAC VEGAN CUISINE,75,2160.0
Gami Chicken And Beer Canberra,74,1910.0
Urban jungle CBR,73,2750.0
UNIVERSITY PHARMACY,73,2610.0
Cinnarbar,72,1910.0
Char Char Thai,72,1310.0
Thai Chiang Rai Belconnen,71,2870.0
FishCo Fish Market,71,2760.0
Beijing House Chinese Restaurant,70,2540.0
Cuptain Planet,69,2910.0
Oporto civic,69,2200.0
Masala hut Indian restaurant,69,2110.0
SushiSushi Belconnen,69,1010.0
mookie burger Tuggeranong,68,1640.0
Altina Drinks,67,3250.0
Workin' Gear,67,3020.0
1980 Chinese restaurant,67,2130.0
Healthy Start Discount Vitamins,67,2080.0
Top Class Spicy Hot Pot,67,1550.0
Asian Tea House,67,1430.0
Ming's Pantry Malaysian Street Food,67,1330.0
CoCo Fresh Tea & Juice,67,760.0
Dee's Book and Comic Shop,65,2740.0
Asian Noodle House Woden,65,1620.0
The Hospitality Shop,64,2380.0
bamiyan,63,2480.0
"Express Travel Services Pty Ltd.,",62,2900.0
Capital Chemist O'Connor,62,1680.0
Nicholls Chinese Food,61,2050.0
Subway Canberra House,61,1730.0
Bashan,61,1050.0
Chatime,61,770.0
Bambusa asian cuisine,60,2290.0
Lilly Cooper,60,2230.0
Retro Cafe,60,1880.0
DaMingle,60,1780.0
The Source Bulk Foods Dickson,59,1390.0
Via & BC,58,2420.0
Fricken,58,1320.0
Chatime Belconnen,58,1160.0
Two Peck Crispy Chicken,58,760.0
yat bun tong dumpling house braddon,58,1610.0
BD Dine,57,2180.0
WUYU CUISINE,57,1810.0
Psychedeli,57,1370.0
Wenyang Family Trust,56,2400.0
Capital Chemist Chisholm,56,2050.0
B One Restaurant,56,1730.0
Hero sushi Tuggeranong Miki Sushi Woden,56,1110.0
Lonsdale St Cyclery,55,2340.0
Yaki Boi,55,1430.0
Kitchen Garden At Rodneys + Pialligo Food Emporium,55,950.0
Wolfie,54,2270.0
The Curatoreum,54,2100.0
Raijin Japanese Cuisine,54,1840.0
Lyons Friendly Grocer,54,1430.0
2 Yummy,54,1080.0
Spilt Milk Bar,54,830.0
Belluci's Manuka,53,2190.0
Molly,53,1840.0
Little steamer,53,1730.0
Asian Noodle House Belconnen,52,1580.0
Coffee Guru Franklin,52,1280.0
Sancho's Dirty Laundry,51,2330.0
OnSon Thai Massage & Day Spa,51,2310.0
Simply Pho,51,1350.0
Savoury Kitchen,51,1100.0
HEALTH FIRST CHINESE ACUPRESSURE MASSAGE,50,1800.0
Two sisters Lao Thai cuisine,50,1680.0
Sharetea Gungahlin,50,540.0
Professionail woden,49,1530.0
Belco Halal Kebabs and Pizzeria,49,1170.0
savoury kitchen woden,49,1040.0
Silo Bakery,49,870.0
TyrePlus Phillip/Woden Tyre and Exhaust,48,2370.0
White Chaco,48,1620.0
Lisa Chinese Restaurant,48,1620.0
CHONG CO TUGGERANONG PTY LTD,48,1580.0
SoLita Pizzeria & Pasta Bar,48,1450.0
Zambrero Tuggeranong,48,770.0
Dobinsons Bakery,48,600.0
Timmy's Kitchen,47,1210.0
CHONG CO THAI KINGSTON,46,1490.0
Soundbox Karaoke & Bar,46,1410.0
Edgars Inn,46,1120.0
Spar Express N gunnawal,45,1290.0
Folks Gallery,45,1210.0
"Soul Origin Woden, Canberra Outlet and Tuggeranong",45,590.0
Pilates with Dan,44,2130.0
Temporada,44,1980.0
NONO NAIL,44,1620.0
Mr.Papa - Peruvian Street Food,44,1020.0
Sushi Sushi Belconnen2,44,650.0
Honkytonks,43,1340.0
Soul Origin Canberra Centre and Belconnen,43,520.0
Motherly Instincts,42,1850.0
China Tea Club,42,1260.0
Quan's kitchen,42,1250.0
Subway Belconnen Westfield,42,870.0
East Row Specialty Coffee,42,700.0
The Book Cow,41,1340.0
Knead Patisserie,41,530.0
Chisholm newsagency and post office,40,1660.0
Belluci's Woden,40,1440.0
Books R Us & More,40,1090.0
AUSTRALIAN CAPITAL HEALTH CENTRE OF TRADITIONAL CH,39,1700.0
Latin Dance Canberra,39,1580.0
Barbeque nation,39,1550.0
Pizza Artigiana,39,1140.0
A Bite to Eat,39,1110.0
littlewujianbing,39,640.0
Jamison Travel,38,1860.0
Hair Crew,38,1620.0
Delhi to Canberra Indian Resturant,38,1460.0
Australian Choice,38,1390.0
Woolshed at Manuka,38,1290.0
Gungahlin Centre News,38,1070.0
Naked Foods,38,850.0
Wokitup Philip,38,770.0
Koku Super Kare,38,720.0
EightyTwenty Food,38,710.0
mookie burger,38,690.0
Tuggeranong Therapeutic Massage,37,1850.0
Capital Chemist Isabella Plains,37,1110.0
B & B Emporium,37,910.0
Zehniâ€™s Turkish Kitchen,37,890.0
Hawka Thai Massage Centre,36,1710.0
Handy Seven,36,1610.0
Kidzplore Indoor Play Centre,36,1530.0
lilotang,36,1470.0
Capital Chemist Waramanga,36,1200.0
Majura Massage,35,1690.0
M&K Meats,35,1660.0
Pearl Hair & Beauty Services,35,1540.0
K Bar Karaoke,35,1480.0
Beyond Pharmacy,35,1180.0
Coconine,35,1110.0
The Old Canberra Inn,35,620.0
Milligram ANU,35,570.0
MOMENT CONCEPT TEA,35,500.0
Buvelot Picture Framers,34,1570.0
Escape Rooms Canberra,34,1330.0
AdamnEve,34,1220.0
Canberra Hopper Hut,34,1070.0
Palace Electric Cinema,34,1010.0
Punjabihut Indian Restaurant,34,1010.0
VANILLA POD PIZZA & PASTA BAR,34,890.0
Sushi Go,34,880.0
EasyWay Belconnen,34,810.0
DeWok Noodle Bar,34,800.0
Event Corner,33,1650.0
Mountain Strong Pty Ltd,33,1440.0
4 Corners Picture Framers,33,1430.0
Redpath Shoes,33,1360.0
TREVS @ Dickson,33,1120.0
Indian Accent,33,960.0
Hair Crew Studio,33,730.0
Caffe cherrybeans tuggeranong,33,520.0
RYE Cafe,33,490.0
Quizzic Alley,32,1340.0
Hadfield Painting Studio,32,1330.0
Amici Wine Bar & Deli,32,1280.0
Superfine Cafe,32,980.0
Subway Weston,32,870.0
CHEZ KIMCHI,32,810.0
Multi Yummy,32,770.0
Savers Bazaar,32,480.0
FRAWLEYS,31,1490.0
Looking for Gamers (LFG) Australia,31,1490.0
Under the Mistletoe,31,1180.0
PASSIONAILS,31,1040.0
Italian Brothers,31,980.0
Happy Hair Day,31,940.0
Regal Restaurant Belconnen,31,890.0
Foodworks Holder ACT,31,840.0
Wok Me,31,760.0
Sharetea Woden,31,330.0
Bliss Garden & Giftware,30,1340.0
Sydney Rams Pty Ltd,30,1160.0
Jimmys palace restaurant,30,1040.0
Thai Chiang rai Kingston,30,850.0
Polo Restaurant,30,830.0
The Mawson Club,30,550.0
The coffee club belconnen,30,530.0
The Green House Coffee,30,480.0
Smart Dollar Woden,29,580.0
Nunie,29,1420.0
Axxe,29,1240.0
Indian Affair Restaurant,29,1020.0
Herbert's at Evatt,29,1000.0
Chalisa Indian Restaurant,29,920.0
Thai Ayutthaya Restaurant,29,860.0
Selections Bistro â€“ Belconnen Labor Club,29,680.0
The coffee club Tuggernnong,29,660.0
The coffee club Majura Park,29,500.0
OMG Decadent Donuts - ACT Region,29,500.0
The Front,29,470.0
Playground Training,28,1370.0
45 90 Framing & Gallery,28,1340.0
Colleen's Lingerie and Swimwear,28,1310.0
Botanical Bookshop,28,1180.0
Belconnen Ski N Board,28,1120.0
My value,28,1020.0
The Stitching Room,28,900.0
The Dock Kingston,28,890.0
Meating room,28,770.0
U Accessories,28,610.0
DISCOUNT HUT,28,550.0
McDonald's Manuka,28,400.0
BLACKFIRE RESTAURANT,27,1290.0
Gus' Place,27,430.0
SHARETEA TUGGERANONG,27,370.0
Sly Fox Coffee,26,1120.0
Cake Decorating Solutions,26,930.0
Trove Canberra,26,640.0
Ciao cafe and cakes Braddon,26,520.0
caffe cherry beans gungahlin,26,350.0
KIN Gallery,25,1220.0
Olympian Games,25,1160.0
Tune BikeWorks,25,1100.0
Beautying,25,910.0
Playing fields,25,600.0
The Coffee Club Woden,25,570.0
Civic Asian Noodle House,25,460.0
Warehouse Circus,24,1140.0
1882 Hall,24,1070.0
Supreme Massage,24,880.0
Oporto Majura Park,24,380.0
Passiontree Velvet,24,370.0
The Bank Indoor Skate Park,23,1120.0
TJM Canberra,23,1090.0
Kmotion Dance Studio,23,990.0
Growers Market Express,23,970.0
The Hungry Buddha,23,900.0
GOSSIP NAIL SALON,23,840.0
What the pho,23,740.0
The Highball Express,23,710.0
Milky Lonsdale Trading Proprietary Limited,23,670.0
Rice & Things Takeaway,23,510.0
Bunny beans Cafe,23,510.0
Cafe au Lait,23,430.0
Lighthouse Pub,23,430.0
Canberra Jewellery Repair & Restoration,22,1100.0
Higher Function Physio & Pilates,22,1070.0
Amita beauty & hair parlour,22,960.0
GymQuip Fitness and Spas,22,950.0
The Mustang Nepalese Restaurant & Bar,22,910.0
SportsTec Clinic,22,880.0
Flavours of Jiangnan,22,630.0
Dumpling King Canberra City,22,590.0
EQ Cafe and Lounge,22,570.0
Capital Chemist Kambah,22,570.0
Just Cuts Manuka & Fyshwick,22,530.0
Cocorea,22,480.0
Canberra Irish Club,22,410.0
Melted Toasted Sandwich Emporium,22,290.0
Oliver Brown Civic,22,280.0
SushiSushi Canberra Central 2,22,270.0
Goodyear Autocare Gungahlin,21,1020.0
Thai House Restaurant,21,680.0
garran kitchen,21,640.0
Noodle Castle,21,600.0
Jasper and Myrtle Chocolates,21,600.0
The Duxton O'Connor,21,540.0
La Empanada,21,530.0
House Of Desserts,21,480.0
Tasuke,21,470.0
Kopiku,21,440.0
Fat goanna cafe,21,360.0
Hot Star Fried Chicken,21,340.0
Fairy Legends,20,920.0
Civic Shoes,20,880.0
B L I S S II M O,20,830.0
Carlee Childrens Wear,20,670.0
Typica Cafe Manuka,20,660.0
The Durham Castle Arms,20,600.0
That Gelato Place,20,400.0
Sunday in Canberra,20,360.0
Bruce Takeaway,20,300.0
The Creamery&co,20,280.0
DAANA,19,860.0
Runway 13 - Hobby Retail & Wholesale,19,860.0
Home French Home,19,850.0
Scott Leggo,19,800.0
Propaganda bistro,19,690.0
Designer Op Shop Emporium,19,670.0
CC Beauty Centre,19,640.0
KIPPAX CHINESE MEDICINE CLINIC,19,630.0
New York Nails Spa and Beauty,19,540.0
sparkling nails beauty,19,410.0
Mamak lunch,19,390.0
Token Arcade and Kitchen,19,370.0
Whale tea,19,280.0
Canberra Dance Theatre,18,900.0
Metaphysica,18,710.0
106 Hotpot,18,580.0
Awesome Noodle Asian Cuisine,18,570.0
Walt and Burley,18,480.0
Kan sushi & poke,18,380.0
Donut King Gungahlin,18,190.0
6th Position,17,760.0
Charnies Noodles and Dumplings,17,650.0
Trecento Restaurant,17,630.0
Bewitched Flowers and Gifts,17,570.0
To All My Friends,17,480.0
Foodworks Forde,17,470.0
J&J Hair,17,460.0
Tokyo canteen,17,410.0
CRUST ERINDALE,17,320.0
Penny University Cafe,17,320.0
Wokitup Belconnen,17,250.0
Little Oink,17,240.0
Arnold and Co Jewellers,16,710.0
Serenity by G,16,700.0
BACKBONE BMX PTY. LTD.,16,680.0
H2O MEDI SPA,16,680.0
Quintessence Nail & Beauty,16,670.0
Canberra Potters Society,16,560.0
Canberra Dragon Dance,16,540.0
Bleachers Sports Bar,16,480.0
Stella's by the lake,16,240.0
Boost juice Tuggeranong/ Woden/ Fyshwick,16,210.0
Sakura Place,16,180.0
Subway Mawson/ Conder,16,160.0
CRAFT ACT: CRAFT AND DESIGN CENTRE,15,720.0
Cosmo Hair & Beauty,15,690.0
Wattlebird Canberra,15,660.0
Olive at Hawker,15,650.0
DR PRINT & SIGN,15,610.0
Ohsama Ramen,15,570.0
Green Bamboo Vietnamese Restaurant,15,540.0
OfficeEssential Office National,15,520.0
Satay kitchen,15,500.0
ATNL Nails Spa and Beauty,15,500.0
Beess and Co Cafe,15,470.0
supersweet pastry,15,410.0
Grand Court Chinese Restaurant,15,390.0
Capital Chemist Palmerston,15,380.0
Holy Nails Spa/Queen Bee Beauty Studio,15,370.0
Elemental Cafe,15,330.0
Just Cuts Majura Park,15,300.0
Caffe Cherry Beans - Canberra Centre,15,280.0
7th&bake Patisserie Cafe,15,260.0
Nosh,15,230.0
Braddon Licensed Post Office & Newsagency,14,700.0
BrewYourOwnAtHome,14,670.0
Top Cyber Cafe,14,580.0
Wood Tang,14,540.0
Oxygen Essentials For Life,14,530.0
Canberra Sewing,14,520.0
Spaza Store,14,510.0
Salut! Baroque,14,490.0
The Plastic Free Shop,14,450.0
Dhaka cafÃ© and Indian restaurant,14,450.0
Bentham St Bar& Pizza,14,380.0
Jazzercise South Canberra,14,370.0
Urban Fresh Sushi,14,350.0
Elaine's Gourmet Pies,14,310.0
Coffee Cafe,14,230.0
Izumi,14,220.0
Zambrero,14,210.0
Lotus Skin and Beauty,13,650.0
KC KICKSAU,13,620.0
SWAGAT GROCERS AND CONVENIENCE STORE,13,610.0
Gingerfinch,13,580.0
Plastic Creations Pty Ltd,13,560.0
Orange Bean Cafe,13,520.0
Lollipop's Playland and Cafe Canberra,13,500.0
Horseland Canberra,13,490.0
CITSA,13,480.0
UPS BELCONNEN UNIT TRUST,13,410.0
Caffe Cherry Beans - Casey,13,320.0
Wokitup,13,300.0
Neutral Grounds,13,300.0
Accelerate Physiotherapy,12,540.0
The Outdoor Table,12,530.0
Pivotal IT Solutions,12,480.0
Elegant Image Day Spa Medi Spa,12,440.0
Curves Weston,12,430.0
Deco Hotel,12,410.0
Foundation Beauty Therapy,12,410.0
KimoYes,12,380.0
Siam Twist,12,380.0
Military Shop,12,380.0
Hachiko western Japanese fusion,12,360.0
Gommy's Cafe,12,270.0
Dollar Choice,12,250.0
The coffee club Canberra Outlet Centre,12,180.0
La Baguette by R&M,12,180.0
The Goods Wholefoods,12,130.0
Fernwood Fitness Gungahlin,11,460.0
Bags To Go,11,450.0
HOME&GIVING,11,430.0
Functional Fitness,11,430.0
Capital Chemist University of Canberra,11,430.0
Beef & Barley,11,350.0
Kokomoâ€™s,11,350.0
Debacle,11,290.0
Turkish Delight Kingston,11,270.0
The coffee club gungahlin,11,260.0
CSIRO Discovery Cafe,11,240.0
Arnold'S Ribs and Pizza,11,240.0
Boost Juice Marketplace Gungahlin,11,210.0
Farmshop Cafe,11,210.0
Stand By Me,11,200.0
Just Cuts Canberra Centre,11,190.0
Hokka Hokka,11,130.0
Zambrero Manuka,11,120.0
Canberra halal market kippax,10,500.0
Aussie Windscreens,10,470.0
APEX driving school,10,470.0
Saloon,10,340.0
INSKINCARE,10,300.0
Lis Dumpling Inn,10,280.0
Gloww Beauty,10,260.0
My Rainbow-Dreams,10,220.0
Remedy by LSR Belconnen,10,220.0
Anthos Flowers,10,220.0
Cafe alibi,10,170.0
Zambrero Dickson,10,130.0
Sharetea ANU,10,100.0
SAARA HOLIDAYS,9,450.0
GoBoat Canberra,9,450.0
Flourish Yoga,9,450.0
Arthritis ACT,9,320.0
La Beaute Hair Salon / Barberology,9,300.0
Knuckles German Restaurant,9,290.0
Spring garden chinese restaurant,9,290.0
The Street Theatre,9,270.0
Vietnamese Bakery & Cafe,9,220.0
Soxstar,9,200.0
Caffe Cherry Bean Majura Park,9,200.0
Donut King Canberra DFO,9,150.0
Gelca Pty Ltd,9,120.0
Burger Hero Mitchell Takeaway,9,120.0
Die Schlachtschule,8,400.0
Ken Cook Menswear,8,340.0
Je Fleur,8,330.0
Capital Chemist Kingston,8,330.0
Australian Essences - Women's Natural Health Clinic,8,310.0
COURTYARD BY MILKCRATE,8,300.0
Flow Yoga Canberra,8,280.0
Lys Nails,8,270.0
Antonâ€™s hair studio,8,270.0
Toms Superfruits,8,230.0
7FA EVENTS,8,180.0
The Basement Canberra,8,170.0
The Public Place @ chisholm,8,140.0
Thirty8 Espresso,8,130.0
Coffee Guru Amaroo,8,110.0
Dilkara Australia,7,350.0
Lisa Cahill | Atelier 818,7,350.0
Onred,7,350.0
Axis Hairdressing,7,310.0
Revelation Puzzle Rooms,7,250.0
Rojo Customs,7,230.0
Siren Bar & Restaurant,7,220.0
Cafe Childers,7,210.0
Aliababa Belconnen Emu Bank,7,210.0
Green Tea En,7,200.0
Ginger Catering at NAC PTY LTD,7,200.0
Loveofballoon,7,190.0
Cup of Joy,7,130.0
BARTON GROCER,7,120.0
Dash Jolimont,7,110.0
My Cafe,7,110.0
Bearded Bean,7,90.0
ZAMBRERO MAJURA PARK,7,80.0
QUICK WOK,7,70.0
Slow Beauty Eco Salon,6,270.0
Saigon Restaurant,6,270.0
Nucy Thai Massage,6,270.0
Smogue,6,240.0
McGlades Jewellers,6,210.0
Pure Pod - sustainable,6,210.0
Magoo's Cafe and Bar,6,110.0
Hyde Away Cafe Waramanga,6,100.0
Blossoms Of Canberra,6,100.0
Cafe Brindabella,6,60.0
Aeon Academy,5,250.0
Phoebe Porter,5,250.0
LUXE Tanning and Lash Studio (formally Luscious Glow),5,220.0
Potbelly Bar,5,220.0
GUIFENG ZHOU,5,210.0
88mph,5,190.0
ABOUT FACE Beauty & Anti Aging Salon,5,180.0
Fernwood Fitness Tuggeranong,5,170.0
Katsu Nicholls Takeaway,5,130.0
Noodle Choice,5,110.0
Local Press Wholefoods,5,110.0
La Casetta Pizzeria,5,90.0
Lewrap Tuggeranong,5,90.0
Master Hin Dumplings,5,70.0
Reload Bar and Games,5,60.0
Urban Bean Woden,5,50.0
Gourmet House Woden,5,50.0
BDL Car Stereo Pty Ltd,4,200.0
Perform Australia,4,200.0
Launch Pad Pty Ltd,4,200.0
ION DNA Electric Vehicles,4,200.0
Canberra Repertory Society,4,200.0
Canberra School of Photography,4,200.0
La Beaute Hair Salon,4,200.0
NewsXpress KippaxFair,4,170.0
Asian Arts MAnuka,4,170.0
La Piazza Cafe / Restaurant,4,170.0
Enliven Infrared Saunas Pty Ltd,4,140.0
5 Senses Gourmet Cafe,4,130.0
Forrest Hotel and Apartments,4,130.0
Mulligans Flat,4,130.0
Capital Star Nails & Beauty,4,100.0
Brightco Pty Ltd,4,100.0
Otto's Kiosk Cafe,4,90.0
Fook Lee Sheng Chinese Take Away,4,80.0
Cafe Mizzuna,4,80.0
Tip Toe Nail Salon,4,70.0
Gentle Nails,4,70.0
The Muesli Bar,4,60.0
UC Esports Lounge,4,60.0
Stripey Sundae,4,60.0
Zambrero Woden,4,60.0
canberra cafe and restaurant,4,50.0
Corner Drinks,4,40.0
Carpet Factory,3,150.0
Sharwood Hampers,3,150.0
Venetia Major - Bespoke Jewellery,3,150.0
Canberra Glassworks,3,150.0
Timber and Tailor Shop,3,150.0
Homemakers,3,150.0
Grappling Bros,3,150.0
Thorson Photography,3,150.0
The Healthy Eating Clinic - Harrison,3,120.0
Luminous Hair Salon,3,120.0
Johneys Kitchen,3,120.0
Muay U,3,120.0
Emma Strapps Shiatsu,3,120.0
watson pharmacy,3,120.0
Alexander Fax Booksellers,3,90.0
Caffe Cherry Beans Erindale,3,90.0
Cannoli Brothers,3,90.0
The Verandah,3,80.0
21 CAPITAL MART,3,70.0
Gina Kingston,3,70.0
Yan Capital Motors,3,70.0
Amaznails,3,60.0
The Warehouse Roast Tap Brew,3,40.0
ICHI cafe,3,40.0
Mirtsch Brero Pty Ltd,3,30.0
Canberra Caravan & 4x4 Centre,2,100.0
EasliyManaged Fitness Pty Ltd,2,100.0
Caffe Luxxe Espresso,2,100.0
Muay Tings,2,100.0
Hair and Makeup Artistry by Nicole,2,100.0
Balloon Aloft Canberra,2,100.0
Why Aesthetics,2,100.0
The Coffee Grounds UC,2,100.0
Charcoal Rooster,2,100.0
11:11 Health and Wellbeing,2,100.0
Signage Factor,2,100.0
Ginseng @ Hellenic,2,70.0
Pure Gelato ACT,2,70.0
KaransKloset,2,70.0
Caribou Kingston,2,60.0
Love Food Catering,2,60.0
designher beauty,2,40.0
brazilian butterfly,2,40.0
Braddon Supermarket,2,40.0
Lahori Gate Canberra,2,40.0
Cafe friends,2,30.0
CASA ESPRESSO,2,30.0
Freshii,2,20.0
On The Grind Canberra cafe,2,20.0
Kismet Turkish Gourmet,2,20.0
CGs Discount Tobacconist and Gifts,1,50.0
Curves Belconnen,1,50.0
Greenaway Studio,1,50.0
Blue Ink Group,1,50.0
Beautique Smiles,1,50.0
Kwik Kopy Phillip,1,50.0
BirdieBall Australia,1,50.0
The Battery Factory,1,50.0
Barbell Foods,1,50.0
Empreus I.T Support,1,50.0
Edglit,1,50.0
54 Benjamin,1,50.0
Shine Om,1,50.0
Lollypotz,1,20.0
Yarralumla Play Station,1,20.0
Centrepiece creol,1,20.0
Wren & Rabbit Interiors,1,20.0
Smith's Alternative,1,20.0
Curves Gungahlin,1,20.0
Sophie Edwards Music,1,20.0
"The Barracks, Lanyon Homestead",1,10.0
Nassis Snack Bar,1,10.0
mini golf federation square,1,10.0
Mint rd cafe,1,10.0
PINK FLAMINGO INTERIORS,1,10.0
CAFE @ BELCO,1,10.0
KillingPrints,1,10.0
Cafe cherry beans Belconnen,1,10.0
